id,name,slug,cmsLocaleId,isDraft,lastPublished,lastUpdated,createdOn
6900939f671ad7cf11c9d24e,"Pop-up store side event : quand la boutique devient une expérience de marque","pop-up-store-side-event-new-balance-marseille",653ace51e882f528b3dbddf2,false,2025-11-03T14:05:49.487Z,2025-11-03T14:05:45.134Z,2025-10-28T09:57:51.335Z
68c017c16aef8bda0341670a,"Acheter un local commercial pour le louer : guide 2025","acheter-un-local-commercial-pour-le-louer-guide-2025",653ace51e882f528b3dbddf2,false,2025-09-10T15:20:13.413Z,2025-09-09T14:46:25.226Z,2025-09-09T12:04:17.101Z
68b5c657cbe6b05e7c4265fa,"Comment louer une boutique éphémère : le guide complet","comment-louer-une-boutique-ephemere",653ace51e882f528b3dbddf2,false,2025-09-09T09:25:05.760Z,2025-09-08T08:44:52.070Z,2025-09-01T16:14:15.709Z
68711c24c0e292e8848913ba,"Shein sanctionné par la CNIL : les leçons RGPD pour les marques retail","shein-sanctionne-en-france",653ace51e882f528b3dbddf2,false,2025-07-18T08:57:28.655Z,2025-07-18T08:47:59.318Z,2025-07-11T14:13:56.242Z
68711a0c931ee5e79cf5b4c1,"Convention de Mise à Disposition","convention-de-mise-a-disposition",653ace51e882f528b3dbddf2,true,,2025-07-11T14:08:25.252Z,2025-07-11T14:05:00.786Z
684aeb388147ad5490a98eed,"Cafés pop-up store : la nouvelle obsession des marques de luxe","cafes-pop-up-store-des-marques-de-luxe",653ace51e882f528b3dbddf2,false,2025-07-18T08:57:28.655Z,2025-07-18T08:48:04.282Z,2025-06-12T14:59:04.323Z
680f93d4e60e4d77300b2f6a,"Pourquoi ouvrir un pop-up store à Marseille ?","pourquoi-ouvrir-un-pop-up-store-a-marseille",653ace51e882f528b3dbddf2,false,2025-07-15T15:57:38.793Z,2025-05-07T09:00:37.242Z,2025-04-28T14:42:28.486Z
67d81cb36dee4a857c1bc8c6,"Vinted : un premier pop-up store pour gagner le luxe de seconde main !","vinted-pop-up-store-luxe-seconde-main",653ace51e882f528b3dbddf2,false,2025-10-07T13:35:58.573Z,2025-10-07T13:30:21.842Z,2025-03-17T12:59:31.567Z
67bc3a36be09f25e40fd2e67,"Marseille : les acteurs du textile unis contre l’ultra fast fashion","magasins-a-marseille-les-acteurs-du-textile-unis-contre-lultra-fast-fashion",653ace51e882f528b3dbddf2,false,2025-10-07T13:35:58.573Z,2025-10-07T13:27:52.947Z,2025-02-24T09:21:58.469Z
67935fe1c7bb094e260da742,"Le pop-up des Spurs : une expérience NBA unique au cœur du Marais","le-pop-up-store-des-spurs-paris",653ace51e882f528b3dbddf2,false,2025-10-07T13:35:58.573Z,2025-10-07T13:26:41.101Z,2025-01-24T09:39:45.307Z
6772695a18e193558c6bd153,"Pop-up store : les meilleures initiatives retail de cette fin d’année","paris-pop-up-store-meilleures-initiatives-retail-2024",653ace51e882f528b3dbddf2,false,2025-10-07T13:35:58.573Z,2025-10-07T13:28:08.880Z,2024-12-30T09:35:22.118Z
6759b719a88e388bb64e7848,"Clients mystères : une plongée au cœur de l’expérience client retail","clients-mysteres",653ace51e882f528b3dbddf2,false,2025-07-15T15:57:38.793Z,2025-05-05T12:29:40.839Z,2024-12-11T16:00:25.093Z
6750162ba84d18f683da4174,"IKEA réinvente son sac bleu en pop-up store à Londres","ikea-transforme-frakta-en-pop-up-store-londres",653ace51e882f528b3dbddf2,false,2025-11-03T14:05:49.487Z,2025-10-31T10:43:44.167Z,2024-12-04T08:43:23.314Z
674d99b1070e854f47e70fe8,"Le Black Friday : entre promos et appels au boycott","black-friday-entre-promos-et-appels-au-boycott",653ace51e882f528b3dbddf2,false,2025-07-15T15:57:38.793Z,2024-12-02T11:38:31.780Z,2024-12-02T11:27:45.611Z
672361e4069aea070fa40575,"Shein à Marseille : un pop up store qui fait débat","shein-a-marseille-un-pop-up-store-qui-fait-debat",653ace51e882f528b3dbddf2,false,2025-07-15T15:57:38.793Z,2025-02-18T16:27:32.157Z,2024-10-31T10:54:28.375Z
6704ffa28576da228d213e63,"Le vin fait son show dans les pop-up stores de la capitale","le-vin-fait-son-show-pop-up-stores-de-la-capitale",653ace51e882f528b3dbddf2,false,2025-07-15T15:57:38.793Z,2024-10-08T14:23:23.649Z,2024-10-08T09:47:14.971Z
66f142b8862a5b3d297801e7,"La fast fashion éthique : le retail permet de redorer une marque","fast-fashion-slow-fashion",653ace51e882f528b3dbddf2,false,2025-10-07T13:35:58.573Z,2025-10-07T13:26:14.069Z,2024-09-23T10:28:08.095Z
66ed7792f50c9bb1633335e0,"Marseille : pourquoi est-elle attractive pour les pop-up stores ?","marseille-hub-attractif-pour-le-retail",653ace51e882f528b3dbddf2,false,2025-07-15T15:57:38.793Z,2025-05-13T14:59:01.733Z,2024-09-20T13:24:34.793Z
66cd8b848d8ee4b804f92a24,"Louer un showroom pendant la Fashion Week 2025","louer-un-showroom-pendant-la-fashion-week-2025",653ace51e882f528b3dbddf2,false,2025-10-07T13:35:58.573Z,2025-10-07T13:27:03.766Z,2024-08-27T08:17:08.102Z
66c754747118c37f256c2e9e,"Louer une galerie d’art à Paris : la tendance des espaces éphémères","louer-une-galerie-dart-paris",653ace51e882f528b3dbddf2,false,2025-10-07T13:35:58.573Z,2025-10-07T13:27:18.680Z,2024-08-22T15:08:36.618Z
66c5c1b74fd11a0f1d1fdbc5,"Comment Léna Mahfouf casse les codes du pop up store","strategie-pop-up-store-lena-mahfouf",653ace51e882f528b3dbddf2,false,2025-07-15T15:57:38.793Z,2025-04-29T13:44:52.576Z,2024-08-21T10:30:15.450Z
662239565b3572616f89927f,"Carrefour inaugure un pop-up store à Bruxelles","carrefour-pop-up-store-bruxelles",653ace51e882f528b3dbddf2,false,2025-07-15T15:57:38.793Z,2025-04-30T09:46:34.648Z,2024-04-19T09:28:54.888Z
64afd04a8817dc7b8ea3bc88,"Flagship Zara Champs-Elysées : l’innovation au service de l’expérience","flagship-zara-champs-elysees-linnovation-service-experience-client-point-de-vente",653ace51e882f528b3dbddf2,false,2025-10-07T13:35:58.573Z,2025-10-07T13:17:43.406Z,2023-07-13T10:22:02.296Z
649e8d1615f5e2742522bac1,"Le pop-up store : une solution face à l’explosion des coûts","le-pop-up-store-une-solution-face-a-lexplosion-des-couts-dacquisition-clients-en-ligne",653ace51e882f528b3dbddf2,false,2025-10-07T13:35:58.573Z,2025-10-07T13:25:00.167Z,2023-06-30T08:06:46.995Z
64784cb8c5f8d855d4bc8fe4,"Showrooms & pop-up stores incontournables de la Fashion Week de Paris","showroom-pop-up-store-fashion-week-homme-2024",653ace51e882f528b3dbddf2,false,2025-07-15T15:57:38.793Z,2024-11-04T16:21:04.896Z,2023-06-01T07:46:00.186Z
646b178189f4433776108445,"Comment communiquer efficacement sur son pop-up store ?","comment-communiquer-sur-son-magasin-ou-son-pop-up-store",653ace51e882f528b3dbddf2,false,2025-07-15T15:57:38.793Z,2025-04-29T09:25:54.927Z,2023-05-22T07:19:29.311Z
63a333a5c87b606006a5213b,"Wholesale vs retail : comment choisir ?","wholesale-retail-que-choisir",653ace51e882f528b3dbddf2,false,2025-07-15T15:57:38.793Z,2024-11-21T09:36:14.619Z,2022-12-21T16:26:13.811Z
6363fda1afbb0e882a3c9c35,"Comment optimiser son merchandising en boutique ?","comment-optimiser-lemplacement-produits-boutiques",653ace51e882f528b3dbddf2,false,2025-07-15T15:57:38.793Z,2025-04-29T12:55:43.999Z,2022-11-03T17:42:57.771Z
631b2fd03f3029610279d390,"Comment bien choisir son emplacement commercial ?","comment-choisir-son-emplacement-commercial",653ace51e882f528b3dbddf2,false,2025-07-15T15:57:38.793Z,2025-04-29T13:19:44.585Z,2022-09-09T12:21:36.679Z
630e319af5825c96c6e9960e,"Stratégie retail : le pop-up store comme outil de test and learn","strategie-retail-pop-up-store-comme-outil-de-test-learn",653ace51e882f528b3dbddf2,false,2025-07-15T15:57:38.793Z,2024-11-04T16:21:52.348Z,2022-08-30T15:49:46.236Z
630e2541054c1c49dc791459,"Comment construire un parcours client omnicanal ?","comment-construire-parcours-client-omnicanal",653ace51e882f528b3dbddf2,false,2025-07-15T15:57:38.793Z,2025-04-28T14:06:46.631Z,2022-08-30T14:57:05.285Z
62ea6d81bc58bd81789e60c6,"Guide du NPS : définition, calcul et interprétation ","guide-nps-definition-calcul-interpretation",653ace51e882f528b3dbddf2,false,2025-07-15T15:57:38.793Z,2025-05-13T13:11:35.688Z,2022-08-03T12:43:45.684Z
62221fe5a06c83a283593ae6," 8 solutions pour collecter des données client en magasin","collecter-des-donnees-client-en-magasin",653ace51e882f528b3dbddf2,false,2025-07-15T15:57:38.793Z,2023-09-05T15:42:46.815Z,2022-03-04T14:19:17.012Z
61922a26f3028ab6ea20c31c,"Mesurer la satisfaction client en point de vente","mesurer-la-satisfaction-client-en-point-de-vente",653ace51e882f528b3dbddf2,false,2025-07-15T15:57:38.793Z,2025-05-13T15:11:11.882Z,2021-11-15T09:36:38.064Z
6177eae3ffd5913b94dab6e0,"Les 8 meilleurs plugin Shopify pour une marque unifiée","plug-in-shopify-2021-ecommerce-point-de-vente",653ace51e882f528b3dbddf2,false,2025-10-07T13:35:58.573Z,2025-10-07T13:25:17.139Z,2021-10-26T11:47:47.642Z
60b4a4d7b8ee6f8615b68765,"Interview Almé : construire une marque au service de ses clients","interview-alme-construire-une-marque-au-service-de-ses-clients",653ace51e882f528b3dbddf2,false,2025-10-07T13:35:58.573Z,2025-10-07T13:26:28.537Z,2021-05-31T08:56:55.257Z
607940c71e417a064b96d3c4,"Cabaia : construire sa marque avec une stratégie physique et digitale","interview-cabaia-construire-sa-marque-en-sappuyant-sur-une-strategie-physique-et-digitale",653ace51e882f528b3dbddf2,false,2025-10-07T13:35:58.573Z,2025-10-07T13:24:41.808Z,2021-04-16T07:46:15.007Z
5fdfeed248b609b0e7c2ddf9,"Aménager sa boutique éco-responsable : nos conseils","amenager-magasin-ecoresponsable",653ace51e882f528b3dbddf2,false,2025-07-15T15:57:38.793Z,2024-12-24T14:00:14.073Z,2020-12-04T09:09:48.940Z
5fdfeed248b609f856c2dde5,"Comment mettre en avant son service de personnalisation en boutique ?","service-de-personnalisation-en-boutique",653ace51e882f528b3dbddf2,false,2025-07-15T15:57:38.793Z,2023-09-05T15:45:22.083Z,2020-12-03T14:25:48.739Z
5fdfeed248b6097919c2ddd1,"Ce que le retail peut apprendre de la relation-client en Palace","retail-et-apprentissage-relation-client-en-palace",653ace51e882f528b3dbddf2,false,2025-07-15T15:57:38.793Z,2023-09-05T15:48:27.821Z,2020-11-17T09:09:18.549Z
5fdfeed248b609addbc2e162,"La location de mobilier, le choix de l’éphémère durable ","la-location-de-mobilier-le-choix-de-lephemere-durable",653ace51e882f528b3dbddf2,false,2025-07-15T15:57:38.793Z,2025-04-28T13:46:39.134Z,2020-09-11T08:07:20.766Z
5fdfeed248b609bfabc2e160,"L'homme, avenir du gender marketing ?","lhomme-avenir-du-gender-marketing",653ace51e882f528b3dbddf2,false,2025-07-15T15:57:38.793Z,2023-09-05T15:52:01.909Z,2020-06-30T15:44:06.229Z
5fdfeed248b60924fec2e15b,"Déco intérieur : 5 marques tendances ","deco-interieur-marques-tendances",653ace51e882f528b3dbddf2,false,2025-07-15T15:57:38.793Z,2025-05-13T12:55:10.381Z,2020-06-03T15:17:37.193Z
5fdfeed248b6091212c2e156,"Interview By Charlot : les plantes personnalisées","interview-fondateurs-by-charlot",653ace51e882f528b3dbddf2,false,2025-07-15T15:57:38.793Z,2023-09-05T15:52:39.971Z,2020-05-25T08:08:25.525Z
5fdfeed248b6095aa2c2e155,"Est-ce qu’une marque peut être féministe ?","marque-feministe",653ace51e882f528b3dbddf2,false,2025-10-02T16:11:24.948Z,2025-10-02T16:06:48.603Z,2020-05-11T08:40:54.521Z
5fdfeed248b60933e6c2e150,"Féministe : 5 marques engagées pour les femmes","marques-feministes",653ace51e882f528b3dbddf2,false,2025-07-15T15:57:38.793Z,2025-04-29T13:37:07.139Z,2020-04-29T09:28:59.950Z
5fdfeed248b60964cac2e14f,"Sélection de 5 marques bien-être pour prendre soin de vous","prenez-soin-de-vous-5-marques-bien-etre-qui-vous-aident-au-quotidien",653ace51e882f528b3dbddf2,false,2025-07-15T15:57:38.793Z,2025-05-12T15:52:46.103Z,2020-04-21T13:30:17.128Z
5fdfeed248b6096b31c2e14d,"Les médias : histoire d’une fulgurante ascension","les-medias-histoire-dune-fulgurante-ascension",653ace51e882f528b3dbddf2,false,2025-07-15T15:57:38.793Z,2025-04-29T13:00:44.865Z,2020-04-16T16:02:41.290Z
5fdfeed248b6090e47c2e149,"Marque responsable : 6 marques upcycling mode et déco","marque-responsable-upcycling-mode-deco",653ace51e882f528b3dbddf2,false,2025-07-15T15:57:38.793Z,2025-05-12T15:57:31.886Z,2020-04-07T13:02:18.342Z
5fdfeed248b609f39cc2e10e,"Comment Lidl se transforme tout en préservant sa clientèle ?","lidl-se-modernise",653ace51e882f528b3dbddf2,false,2025-07-15T15:57:38.793Z,2025-04-29T13:58:16.847Z,2019-10-31T13:42:12.536Z
5fdfeed248b60920cdc2e120,"La nouvelle boutique libre service Sezane","la-nouvelle-boutique-sezane",653ace51e882f528b3dbddf2,false,2025-10-02T16:11:24.948Z,2025-10-02T16:05:04.622Z,2019-10-23T13:23:36.265Z
5fdfeed248b609faccc2e126,"Les pop up au rendez-vous dans les hôtels de luxe","les-pop-up-hotels",653ace51e882f528b3dbddf2,false,2025-07-15T15:57:38.793Z,2023-09-05T15:51:53.302Z,2019-09-16T09:25:36.633Z
5fdfeed248b6099726c2e0fe,"IKEA City à Paris, un concept en évolution","ikea-debarque-a-paris",653ace51e882f528b3dbddf2,false,2025-07-15T15:57:38.793Z,2025-05-13T13:47:22.739Z,2019-06-14T10:38:29.274Z
5fdfeed248b6090341c2e11c,"L'enseigne de mode féminine 123 du groupe Etam se modernise","lenseigne-de-mode-feminine-123-du-groupe-etam-se-modernise",653ace51e882f528b3dbddf2,true,2023-09-05T16:08:39.277Z,2024-12-24T16:08:13.481Z,2019-06-14T09:23:13.731Z
5fdfeed248b60996eec2e12c,"Comment relancer le commerce physique en France ?","comment-relancer-le-commerce-physique-en-france",653ace51e882f528b3dbddf2,false,2025-07-15T15:57:38.793Z,2025-05-13T12:12:45.948Z,2019-06-14T08:57:02.104Z
5fdfeed248b6090fffc2e0b6,"Développer son omnicanalité : le tournant retail indispensable","developper-son-omnicanalite-le-tournant-retail-indispensable",653ace51e882f528b3dbddf2,true,,2024-01-03T10:12:41.955Z,2019-02-06T13:19:22.780Z
5fdfeed248b6098484c2e0e9,"La personnalisation au cœur de l'offre des marques","la-personnalisation-au-coeur-de-loffre-des-marques",653ace51e882f528b3dbddf2,false,2025-07-15T15:57:38.793Z,2023-09-05T15:56:52.689Z,2019-02-06T13:19:21.396Z
5fdfeed248b6096d80c2e093,"Pop-up store Fuze Tea dédié à la déconnexion et à la détente ","pop-up-store-fuze-tea-dedie-a-la-deconnexion-et-a-la-detente",653ace51e882f528b3dbddf2,false,2025-07-15T15:57:38.793Z,2023-09-05T15:57:29.886Z,2019-02-06T13:19:18.079Z
5fdfeed248b6097ce6c2e09e,"La leçon marketing de Glossier","la-lecon-marketing-de-glossier",653ace51e882f528b3dbddf2,false,2025-07-15T15:57:38.793Z,2023-09-05T16:01:26.046Z,2019-02-06T13:19:10.365Z
5fdfeed248b609c487c2e0af,"Ibiza s'invite au BHV","ibiza-sinvite-au-bhv",653ace51e882f528b3dbddf2,true,,2022-01-17T13:39:59.960Z,2019-02-06T13:19:03.064Z
5fdfeed248b609135ec2e0a4,"La cave à vin Lidl Pops en centre-ville ","la-cave-a-vin-lidl-pops-en-centre-ville",653ace51e882f528b3dbddf2,false,2025-07-15T15:57:38.793Z,2025-05-13T14:19:17.188Z,2019-02-06T13:18:48.930Z
5fdfeed248b609455bc2e087,"La Chine : trend setter dans le monde du retail ?","la-chine-trend-setter-dans-le-monde-du-retail",653ace51e882f528b3dbddf2,false,2025-07-15T15:57:38.793Z,2023-09-05T16:05:56.163Z,2019-02-06T13:18:46.013Z
5fdfeed248b609f262c2e08f,"Espace créateurs au 26 rue des Batignolles","espace-createurs-au-26-rue-de-batignolles",653ace51e882f528b3dbddf2,false,2025-07-15T15:57:38.793Z,2025-05-13T13:06:13.357Z,2019-02-06T13:18:40.827Z
5fdfeed248b6094031c2e077,"L'Atelier éphémère Le Nôtre - Interview ","latelier-ephemere-lenotre-interview",653ace51e882f528b3dbddf2,false,2025-07-15T15:57:38.793Z,2023-09-05T15:59:35.184Z,2019-02-06T13:18:17.535Z
5fdfeed248b6092ccdc2e072,"Tranoï ouvert à tous ? Du jamais vu !","tranoi-ouvert-a-tous-du-jamais-vu",653ace51e882f528b3dbddf2,false,2025-07-15T15:57:38.793Z,2023-09-05T15:59:28.523Z,2019-02-06T13:18:16.956Z